cusip,duration,yield,base_coupon,price,ytm,ytw,moodys_rating,sp_rating,fitch_rating,trade_rating,price_to_par,coupon_yield_spread,ytm_ytw_spread,moodys_numeric,sp_numeric,fitch_numeric,is_investment_grade
N098QOW36,15.62,7.7,4.72,100.37,7.58,7.71,AA+,A-,A+,6.2,1.0037,-2.9800000000000004,0.1299999999999999,20,15,17,True
138LKPPF7,9.11,5.09,3.95,85.04,3.79,4.27,AA-,A+,AA+,8.7,0.8504,-1.1399999999999997,0.47999999999999954,18,17,20,True
LT0TPC5Y5,7.74,6.37,2.18,76.75,6.41,6.41,A+,AAA,A+,7.3,0.7675,-4.1899999999999995,0.0,17,21,17,True
3DCC91G46,9.02,9.33,6.89,81.46,8.82,8.97,A+,AAA,BBB+,6.8,0.8146,-2.4400000000000004,0.15000000000000036,17,21,14,True
2AMVD62N4,18.38,4.87,2.56,68.84,4.21,4.47,BBB,A,BBB+,10.0,0.6884,-2.31,0.2599999999999998,13,16,14,True
ZUVDGU5C4,13.59,7.25,6.76,81.74,7.64,7.68,AA-,AA,A+,6.4,0.8173999999999999,-0.4900000000000002,0.040000000000000036,18,19,17,True
PO2MJ8G98,14.33,5.21,4.23,101.19,5.73,6.21,A-,AA+,AA-,7.6,1.0119,-0.9799999999999995,0.47999999999999954,15,20,18,True
7BR2TSE29,5.73,8.93,7.2,87.23,9.52,9.52,A,BBB+,A+,5.5,0.8723000000000001,-1.7299999999999995,0.0,16,14,17,True
VBNEWG988,14.6,6.25,3.71,102.67,6.23,6.9,A+,AA-,AAA,4.9,1.0267,-2.54,0.6699999999999999,17,18,21,True
JQFLDZ4H0,5.99,10.44,7.08,83.41,10.17,10.17,A-,AA,AA+,4.7,0.8341,-3.3599999999999994,0.0,15,19,20,True
U55OLDLG4,8.13,7.37,4.0,86.42,7.1,7.46,BBB+,A+,A-,5.5,0.8642,-3.37,0.3600000000000003,14,17,15,True
YU0POJ9N1,10.44,7.96,6.35,88.25,8.6,8.71,BBB+,AAA,A+,7.1,0.8825,-1.6100000000000003,0.11000000000000121,14,21,17,True
A50PPYRI1,6.0,5.64,4.16,84.55,5.56,5.89,A+,A,AA-,10.0,0.8454999999999999,-1.4799999999999995,0.33000000000000007,17,16,18,True
VANL5RJS8,12.07,2.04,1.65,88.12,2.1,2.17,A+,AAA,AA-,5.4,0.8812000000000001,-0.3900000000000001,0.06999999999999984,17,21,18,True
XLH4DZT83,11.07,7.55,5.6,78.57,8.12,8.55,AA,A,AA-,5.9,0.7857,-1.9500000000000002,0.4300000000000015,19,16,18,True
VY3H2RR47,24.6,8.46,7.78,97.37,8.22,8.69,AA,AAA,A+,5.7,0.9737,-0.6800000000000006,0.46999999999999886,19,21,17,True
Y5ILYXRO4,5.61,5.54,5.14,102.7,5.08,5.75,BBB,AA+,AA-,8.2,1.0270000000000001,-0.40000000000000036,0.6699999999999999,13,20,18,True
EODWG8208,10.19,9.68,6.11,87.44,10.36,11.32,AA,AA+,BBB+,6.3,0.8744,-3.5699999999999994,0.9600000000000009,19,20,14,True
872M8WU23,13.87,6.71,6.56,86.07,6.97,7.26,BBB+,A,A,9.4,0.8606999999999999,-0.15000000000000036,0.29000000000000004,14,16,16,True
AHJQVK8H6,13.64,8.96,6.69,76.52,9.48,10.08,AA,A,AA,1.1,0.7652,-2.2700000000000005,0.5999999999999996,19,16,19,True
63FFGQOZ1,21.74,6.8,3.36,86.9,7.21,7.98,AA+,AA-,AA,1.4,0.8690000000000001,-3.44,0.7700000000000005,20,18,19,True
2QS36J567,18.9,8.33,4.52,86.31,9.7,9.93,A+,AA,A,4.8,0.8631,-3.8100000000000005,0.23000000000000043,17,19,16,True
8XFVJ1ZU1,7.13,7.63,5.96,98.82,7.87,8.04,BBB,A-,AA-,8.7,0.9882,-1.67,0.16999999999999904,13,15,18,True
XU5H7E2D6,20.55,4.93,4.32,91.82,5.28,5.51,A,A+,AA+,3.9,0.9181999999999999,-0.6099999999999994,0.22999999999999954,16,17,20,True
9SGFYZKP2,12.54,5.25,2.71,92.92,5.79,6.31,AA-,AA,A-,1.2,0.9292,-2.54,0.5199999999999996,18,19,15,True
672Q2B1H8,14.19,7.55,5.51,98.54,8.27,8.47,A,A,A-,7.4,0.9854,-2.04,0.20000000000000107,16,16,15,True
5Y26LO849,10.41,7.36,6.52,93.43,7.12,7.34,A+,A+,AA-,7.5,0.9343,-0.8400000000000007,0.21999999999999975,17,17,18,True
8LMFLIX75,9.9,5.82,5.16,93.35,6.6,6.84,AA,A+,AA+,5.6,0.9335,-0.6600000000000001,0.2400000000000002,19,17,20,True
8EOABR2G9,12.46,8.91,3.7,80.26,7.9,8.16,A-,AA,A+,3.9,0.8026000000000001,-5.21,0.2599999999999998,15,19,17,True
Z279XVVD2,8.28,9.82,8.32,89.33,9.98,9.98,A,A,AA-,4.2,0.8933,-1.5,0.0,16,16,18,True
FJAZTJOJ1,30.0,6.79,7.06,96.55,7.42,7.42,AAA,AA+,AAA,7.2,0.9655,0.2699999999999996,0.0,21,20,21,True
X443J9LP3,10.82,10.71,8.74,80.82,10.07,10.24,A+,AA-,A+,4.3,0.8081999999999999,-1.9700000000000006,0.16999999999999993,17,18,17,True
OUI9W1MT0,9.78,9.42,5.26,64.83,10.0,10.21,A,AA,AA+,6.9,0.6483,-4.16,0.21000000000000085,16,19,20,True
0RM9QJF01,11.01,8.09,5.12,86.41,7.14,7.73,A,AA-,A+,1.0,0.8641,-2.9699999999999998,0.5900000000000007,16,18,17,True
YO51DJF15,11.29,8.6,6.18,81.67,8.49,8.55,A-,AAA,A-,4.4,0.8167,-2.42,0.0600000000000005,15,21,15,True
WSUW783S6,8.93,7.72,4.29,97.39,7.9,8.27,A-,AA,AA,4.2,0.9739,-3.4299999999999997,0.3699999999999992,15,19,19,True
ZQX85S6E2,17.7,8.19,6.22,91.33,8.83,8.85,AA-,BBB+,A-,5.6,0.9133,-1.9699999999999998,0.019999999999999574,18,14,15,True
QBXSVT9S1,26.48,5.51,4.12,95.68,5.52,5.99,A-,AA-,BBB+,5.1,0.9568000000000001,-1.3899999999999997,0.47000000000000064,15,18,14,True
D1G7XCTV3,14.33,6.89,4.74,95.22,6.48,7.3,AA-,AA-,A,8.0,0.9521999999999999,-2.1499999999999995,0.8199999999999994,18,18,16,True
06BVYANE8,17.91,7.29,6.33,95.16,6.24,6.97,BBB+,AA-,AA+,2.2,0.9516,-0.96,0.7299999999999995,14,18,20,True
B0V9KZ1L5,14.98,4.64,3.87,98.6,4.76,4.81,AA+,A-,A,7.8,0.986,-0.7699999999999996,0.04999999999999982,20,15,16,True
QBLIDK9P0,21.7,5.05,4.05,108.58,4.03,4.7,BBB+,AA+,A+,7.6,1.0857999999999999,-1.0,0.6699999999999999,14,20,17,True
ITOXQ7FY5,12.07,6.91,4.42,79.31,7.17,7.83,BBB,AA-,AA-,9.8,0.7931,-2.49,0.6600000000000001,13,18,18,True
MN4WIOBP8,10.26,8.02,5.92,99.31,8.26,8.47,A+,A+,A,5.5,0.9931,-2.0999999999999996,0.21000000000000085,17,17,16,True
4FXOWMAJ0,30.0,6.77,3.47,85.29,7.87,7.87,AA-,AA,A+,6.8,0.8529000000000001,-3.2999999999999994,0.0,18,19,17,True
A7SLBFOI2,20.42,0.51,1.38,107.97,0.8,1.29,AA,BBB+,A-,2.5,1.0796999999999999,0.8699999999999999,0.49,19,14,15,True
NANM3Y8B3,6.3,12.43,8.66,76.46,11.58,12.18,BBB,A-,A-,1.0,0.7646,-3.7699999999999996,0.5999999999999996,13,15,15,True
51ZMRGVK6,3.57,5.03,3.2,90.26,5.16,5.45,BBB-,BBB-,A+,9.1,0.9026000000000001,-1.83,0.29000000000000004,12,12,17,True
H8N0RR3F2,9.73,6.64,6.25,96.58,6.7,7.06,AA,A,A,7.5,0.9658,-0.3899999999999997,0.35999999999999943,19,16,16,True
SPGKX44G8,8.05,6.76,4.39,108.66,6.81,7.48,BBB+,A+,A+,8.9,1.0866,-2.37,0.6700000000000008,14,17,17,True
ZLYWMPIT8,10.76,9.91,6.94,98.85,9.43,9.83,AA,AAA,AA-,3.2,0.9884999999999999,-2.9699999999999998,0.40000000000000036,19,21,18,True
G5VGRU9R7,5.13,11.22,7.89,81.98,11.32,11.32,A-,AA-,A,6.8,0.8198000000000001,-3.330000000000001,0.0,15,18,16,True
M92A9BJ43,5.2,7.47,4.89,86.79,6.43,6.6,A,AA,AA+,10.0,0.8679000000000001,-2.58,0.16999999999999993,16,19,20,True
D57EBG2T6,7.02,9.1,5.98,81.49,10.12,10.23,AA,AA,AAA,7.4,0.8149,-3.119999999999999,0.11000000000000121,19,19,21,True
WLPURD0C6,9.35,5.25,3.41,80.45,4.98,4.98,A+,A,AAA,8.2,0.8045,-1.8399999999999999,0.0,17,16,21,True
UYFQJL776,15.76,10.69,7.41,77.41,10.32,10.69,AA,AA-,A+,5.4,0.7741,-3.2799999999999994,0.3699999999999992,19,18,17,True
HDOSQUXZ8,5.71,12.2,7.73,75.17,12.49,12.78,A+,A+,AA+,2.6,0.7517,-4.469999999999999,0.28999999999999915,17,17,20,True
0EK0N4G16,26.1,0.87,0.09,87.03,0.78,0.96,AA-,AA,AA-,8.3,0.8703,-0.78,0.17999999999999994,18,19,18,True
BGCVAYFU7,28.32,8.75,6.76,104.86,8.79,8.79,A+,A,A+,4.1,1.0486,-1.9900000000000002,0.0,17,16,17,True
0JZCNSNR3,10.03,7.76,3.66,66.44,6.8,7.28,BBB-,A+,AA,7.0,0.6644,-4.1,0.4800000000000004,12,17,19,True
7054OK7P5,8.8,5.14,4.03,85.8,5.16,5.16,A+,BBB-,AA+,4.7,0.858,-1.1099999999999994,0.0,17,12,20,True
6LQ4TY304,14.81,7.19,4.83,90.96,6.82,6.86,A,BBB+,A+,4.1,0.9096,-2.3600000000000003,0.040000000000000036,16,14,17,True
KWDX7LT84,5.29,7.09,6.09,100.68,6.71,6.71,A+,AA,AA+,10.0,1.0068000000000001,-1.0,0.0,17,19,20,True
UL4ZSCFD8,5.69,6.89,6.6,101.22,8.28,8.28,AA+,AA-,AA+,7.3,1.0122,-0.29000000000000004,0.0,20,18,20,True
N0FHFDWG2,20.15,7.1,3.85,72.44,7.36,8.0,A+,AA-,AA-,8.8,0.7243999999999999,-3.2499999999999996,0.6399999999999997,17,18,18,True
FQY9TJHF9,13.26,7.91,5.18,102.14,7.85,8.09,A-,AA,AA,6.0,1.0214,-2.7300000000000004,0.2400000000000002,15,19,19,True
9UT3V8GL6,14.84,6.59,4.16,108.58,7.03,7.13,AA-,A-,A+,3.1,1.0857999999999999,-2.4299999999999997,0.09999999999999964,18,15,17,True
CHBHC9AL4,8.69,4.12,0.54,73.68,3.33,3.53,BBB+,AA-,A+,8.8,0.7368000000000001,-3.58,0.19999999999999973,14,18,17,True
KI68EJ8H7,13.71,6.32,6.54,112.53,6.49,6.57,A,A+,BBB+,6.2,1.1253,0.21999999999999975,0.08000000000000007,16,17,14,True
G0AE8NDJ5,9.55,6.17,5.81,90.02,6.93,7.25,BBB+,AA-,A-,8.6,0.9002,-0.3600000000000003,0.3200000000000003,14,18,15,True
FQBP99461,10.64,4.38,3.04,97.11,4.75,4.75,A,A,A,7.5,0.9711,-1.3399999999999999,0.0,16,16,16,True
QYO6Q9LR9,5.39,5.97,5.56,92.81,6.06,6.51,A+,A+,BBB+,4.7,0.9281,-0.41000000000000014,0.4500000000000002,17,17,14,True
A36860J90,14.01,8.42,2.75,72.95,8.47,8.89,A,BBB+,A,6.2,0.7295,-5.67,0.41999999999999993,16,14,16,True
JP4VHVKG7,13.81,2.71,2.72,118.93,2.8,3.03,BBB+,AA-,AA+,10.0,1.1893,0.010000000000000231,0.22999999999999998,14,18,20,True
CY9V42HK0,12.53,6.65,7.19,117.99,6.57,6.64,A-,AAA,AA-,8.3,1.1799,0.54,0.0699999999999994,15,21,18,True
5TY38KEL9,18.66,2.01,0.36,98.01,2.65,2.65,A+,AA,A+,6.0,0.9801000000000001,-1.65,0.0,17,19,17,True
8IGFUZAM9,10.77,2.41,4.45,109.68,2.29,2.7,A+,A+,AAA,9.7,1.0968,2.04,0.41000000000000014,17,17,21,True
Y3RM928J2,7.33,6.83,6.03,94.35,6.84,7.08,A+,AA+,A,7.8,0.9434999999999999,-0.7999999999999998,0.2400000000000002,17,20,16,True
0GLA8PPG3,13.45,5.85,4.71,88.83,5.83,5.87,A+,AA+,A-,7.7,0.8883,-1.1399999999999997,0.040000000000000036,17,20,15,True
XSMNXFJN4,24.39,0.0,0.0,87.59,0.0,0.26,AA,A-,BBB+,3.4,0.8759,0.0,0.26,19,15,14,True
T25BQKA44,6.03,3.78,3.44,115.85,4.25,4.83,AAA,AA,AA,8.5,1.1584999999999999,-0.33999999999999986,0.5800000000000001,21,19,19,True
PXIH21FB4,12.8,7.49,4.74,75.71,7.31,7.45,AA,A,A-,8.8,0.7570999999999999,-2.75,0.14000000000000057,19,16,15,True
08OUL0RT9,10.17,7.7,7.32,104.27,7.99,8.1,AAA,AA+,AA,5.8,1.0427,-0.3799999999999999,0.10999999999999943,21,20,19,True
1RGNW6LM7,5.29,8.67,8.53,91.15,9.33,9.33,AA-,A+,AA-,10.0,0.9115000000000001,-0.14000000000000057,0.0,18,17,18,True
YGEB35EH6,4.3,10.71,8.39,87.45,10.44,10.76,BBB+,A+,BBB+,5.5,0.8745,-2.3200000000000003,0.3200000000000003,14,17,14,True
TJGBBYEI0,10.3,12.92,7.69,80.56,12.61,12.69,A-,BBB-,A+,3.6,0.8056,-5.2299999999999995,0.08000000000000007,15,12,17,True
NJE6DRMR3,9.3,5.74,3.44,78.75,5.94,5.94,A,A-,AA,9.3,0.7875,-2.3000000000000003,0.0,16,15,19,True
94AVH1MS2,27.39,8.64,8.14,102.63,8.56,9.0,AA-,A+,AAA,5.1,1.0263,-0.5,0.4399999999999995,18,17,21,True
B0E8U4YN2,15.78,5.83,3.55,81.05,5.52,5.52,AA-,AA-,A,8.6,0.8105,-2.2800000000000002,0.0,18,18,16,True
HPI9UZ8J6,16.23,6.61,1.49,71.34,6.66,6.92,AA,AAA,AA,6.1,0.7134,-5.12,0.2599999999999998,19,21,19,True
6LQ42RUC8,9.14,11.08,5.24,69.84,11.66,11.66,AA+,AA+,A,5.8,0.6984,-5.84,0.0,20,20,16,True
90QUKNVG7,30.0,4.57,4.91,97.68,4.82,5.18,A,AA,A+,7.8,0.9768000000000001,0.33999999999999986,0.35999999999999943,16,19,17,True
CJJGB6PK3,8.47,6.39,4.5,96.76,6.48,6.48,BBB+,A,A-,7.6,0.9676,-1.8899999999999997,0.0,14,16,15,True
UEBHWDZS2,23.18,8.44,7.12,99.73,7.68,7.86,BBB-,BBB,AAA,1.2,0.9973000000000001,-1.3199999999999994,0.1800000000000006,12,13,21,True
H1ILVVFI7,15.1,7.82,5.42,75.2,7.28,7.8,BBB+,BBB,BBB+,3.6,0.752,-2.4000000000000004,0.5199999999999996,14,13,14,True
05VY2S9M6,21.42,6.14,4.84,102.36,5.44,5.79,AA+,AA+,A,8.6,1.0236,-1.2999999999999998,0.34999999999999964,20,20,16,True
NUUUDBPR8,22.83,4.93,3.21,87.0,5.65,5.91,AA-,A+,BBB+,6.5,0.87,-1.7199999999999998,0.2599999999999998,18,17,14,True
12MXZQF31,6.2,9.24,6.17,85.12,9.85,9.85,A+,A+,A,5.4,0.8512000000000001,-3.0700000000000003,0.0,17,17,16,True
FOW1SAD58,9.75,12.28,7.91,72.92,12.07,12.18,AA-,AA,AA-,3.0,0.7292000000000001,-4.369999999999999,0.10999999999999943,18,19,18,True
EO66LDOH9,4.63,2.98,2.59,104.86,2.9,2.9,BBB+,BBB,A+,5.3,1.0486,-0.3900000000000001,0.0,14,13,17,True
5G990SWO2,6.95,8.01,5.76,93.68,8.16,9.1,AA,AA,AA,2.5,0.9368000000000001,-2.25,0.9399999999999995,19,19,19,True
2YZAYOGA6,16.08,5.01,3.75,92.04,4.82,4.82,A-,A,AA,7.0,0.9204000000000001,-1.2599999999999998,0.0,15,16,19,True
U3DCAP0T6,9.24,8.57,6.27,73.32,9.34,10.08,AA+,A-,AA,5.2,0.7332,-2.3000000000000007,0.7400000000000002,20,15,19,True
9KOQ1LHW4,15.99,7.89,7.17,97.43,7.02,7.02,AA-,A,A+,4.7,0.9743,-0.7199999999999998,0.0,18,16,17,True
R8S769RR2,9.4,7.42,5.45,102.01,8.69,8.73,A-,AA-,A,6.5,1.0201,-1.9699999999999998,0.040000000000000924,15,18,16,True
MWNBFKQ34,5.37,8.29,5.93,91.26,8.75,9.08,BBB+,A,A-,7.1,0.9126000000000001,-2.3599999999999994,0.33000000000000007,14,16,15,True
BE7SVDI92,20.77,11.41,7.34,86.12,11.33,11.57,AA-,A,AA,9.1,0.8612000000000001,-4.07,0.2400000000000002,18,16,19,True
9THTQC4Y2,15.02,7.46,5.8,91.73,7.87,7.87,BBB-,A+,AA,3.0,0.9173,-1.6600000000000001,0.0,12,17,19,True
R8OOEUK36,16.82,10.86,9.33,94.5,10.99,11.66,BBB,AA-,A,6.9,0.945,-1.5299999999999994,0.6699999999999999,13,18,16,True
0JGOOLTX1,13.3,7.54,5.82,87.35,7.36,7.61,A+,AA-,A,8.4,0.8734999999999999,-1.7199999999999998,0.25,17,18,16,True
OGMXBLNM7,9.21,10.1,5.75,77.6,9.83,10.59,AA-,BBB-,A+,4.1,0.7759999999999999,-4.35,0.7599999999999998,18,12,17,True
WAE5YAH38,6.59,7.62,4.64,95.01,8.18,8.77,AA-,BBB,AA,7.2,0.9501000000000001,-2.9800000000000004,0.5899999999999999,18,13,19,True
4GOQYFQ56,16.86,9.57,4.8,65.45,8.81,8.81,BBB-,AA-,BBB+,4.2,0.6545000000000001,-4.7700000000000005,0.0,12,18,14,True
NUMXAO7G3,8.54,5.77,3.66,87.15,6.25,6.35,A+,BBB,AA,7.8,0.8715,-2.1099999999999994,0.09999999999999964,17,13,19,True
U3OJZCE61,14.46,8.77,5.91,90.2,9.09,9.69,AA,AAA,BBB+,9.0,0.902,-2.8599999999999994,0.5999999999999996,19,21,14,True
YT37NY1C2,22.75,6.44,5.98,97.23,6.62,6.62,A+,AA,A+,7.9,0.9723,-0.45999999999999996,0.0,17,19,17,True
S7TJLT8R9,12.99,6.9,3.64,77.17,6.68,6.68,AAA,AA+,AA-,8.2,0.7717,-3.2600000000000002,0.0,21,20,18,True
0U5496N00,30.0,7.54,4.01,71.39,7.73,8.07,AAA,A+,AA+,5.1,0.7139,-3.5300000000000002,0.33999999999999986,21,17,20,True
CSL094F41,12.16,6.94,2.68,87.5,6.83,7.04,AA-,A+,AA+,3.9,0.875,-4.26,0.20999999999999996,18,17,20,True
HSI3IY1S8,10.65,6.56,4.83,84.02,6.66,6.66,A,A-,AA,6.6,0.8402,-1.7299999999999995,0.0,16,15,19,True
AN1ZUF3P7,24.52,8.94,6.85,83.08,9.29,9.61,A,A-,AA-,7.5,0.8308,-2.09,0.3200000000000003,16,15,18,True
22L29MJB9,12.9,8.6,6.9,104.66,8.8,9.66,A,AA+,AA+,2.7,1.0466,-1.6999999999999993,0.8599999999999994,16,20,20,True
JGL3PUNR3,8.8,5.55,4.03,96.64,5.81,5.84,A,A+,A+,5.4,0.9664,-1.5199999999999996,0.03000000000000025,16,17,17,True
FVETEQBB4,7.64,6.81,6.51,104.1,6.56,6.83,AAA,AA,A+,8.1,1.041,-0.2999999999999998,0.27000000000000046,21,19,17,True
D5X2T33Q2,14.87,7.57,6.29,109.36,6.96,6.96,BBB-,AAA,A-,4.2,1.0936,-1.2800000000000002,0.0,12,21,15,True
KLKB4CNR0,5.58,10.85,9.0,108.6,10.03,10.06,A+,BBB+,AA,4.4,1.0859999999999999,-1.8499999999999996,0.030000000000001137,17,14,19,True
YLCK7N838,25.49,8.82,7.76,98.65,9.07,9.35,AA,AA,BBB,4.8,0.9865,-1.0600000000000005,0.27999999999999936,19,19,13,True
DRKTUZTM8,14.32,3.94,4.42,101.87,3.86,4.38,A+,AA-,A+,4.6,1.0187,0.48,0.52,17,18,17,True
0XT96PBC0,10.16,2.82,2.76,111.32,2.58,2.89,BBB,AA-,AA,4.9,1.1132,-0.06000000000000005,0.31000000000000005,13,18,19,True
65N2QY3J6,4.27,7.12,5.51,104.28,7.44,7.44,A,AA,AA,8.7,1.0428,-1.6100000000000003,0.0,16,19,19,True
FCDPRK312,10.37,11.73,9.15,91.44,12.24,12.51,AA,AA+,AA,3.0,0.9144,-2.58,0.2699999999999996,19,20,19,True
R12FFLE78,12.48,5.43,3.62,80.63,5.33,5.67,A+,AAA,AA,4.0,0.8062999999999999,-1.8099999999999996,0.33999999999999986,17,21,19,True
4FAOHO1E9,19.26,9.19,5.69,53.55,10.23,10.39,AA,AAA,AA-,4.5,0.5355,-3.499999999999999,0.16000000000000014,19,21,18,True
17YRRA4H6,7.62,8.7,6.29,81.42,9.24,9.39,AA,A,A-,8.1,0.8142,-2.4099999999999993,0.15000000000000036,19,16,15,True
6DPIUT2V0,13.13,11.34,5.73,71.4,11.44,11.95,AAA,BBB+,A,5.1,0.7140000000000001,-5.609999999999999,0.5099999999999998,21,14,16,True
FG2BFENA6,7.11,6.7,6.34,114.48,6.32,6.61,A,BBB-,AAA,6.5,1.1448,-0.3600000000000003,0.29000000000000004,16,12,21,True
0BSMTX3U3,11.8,8.14,5.66,91.81,8.95,9.28,BBB+,AA-,AA-,6.1,0.9181,-2.4800000000000004,0.33000000000000007,14,18,18,True
FE2VQ7S21,20.56,9.22,6.14,90.94,9.87,9.99,AA+,A+,AAA,2.2,0.9094,-3.080000000000001,0.120000000000001,20,17,21,True
J6RCYN534,7.04,6.51,2.12,69.57,6.02,6.02,AA,AA-,AA,8.5,0.6957,-4.39,0.0,19,18,19,True
7LRN6RHR9,13.26,7.23,3.6,97.17,6.11,6.11,BBB+,A+,A+,7.1,0.9717,-3.6300000000000003,0.0,14,17,17,True
GXKMMVM51,6.08,5.24,1.71,106.73,5.94,6.3,A-,A,BBB,6.6,1.0673000000000001,-3.5300000000000002,0.35999999999999943,15,16,13,True
GMSLC2G15,10.74,7.5,5.78,96.95,7.48,7.48,AA-,AA,AA-,8.9,0.9695,-1.7199999999999998,0.0,18,19,18,True
T2VUMIGJ0,13.33,11.16,7.78,67.41,10.67,11.15,A+,AA+,AA,2.9,0.6740999999999999,-3.38,0.4800000000000004,17,20,19,True
GTNBH5235,7.5,10.87,6.1,78.37,10.95,10.95,AA-,BBB,A+,8.2,0.7837000000000001,-4.77,0.0,18,13,17,True
Z3N1PZIL5,13.63,9.92,7.73,84.77,9.98,10.34,A-,BBB+,AA,5.7,0.8477,-2.1899999999999995,0.35999999999999943,15,14,19,True
DAECLSN21,15.64,6.13,2.41,78.37,5.99,6.42,AA,A-,AA-,6.2,0.7837000000000001,-3.7199999999999998,0.4299999999999997,19,15,18,True
KD9UYL522,10.51,8.49,7.5,97.84,8.07,8.91,A+,AA,A,6.2,0.9784,-0.9900000000000002,0.8399999999999999,17,19,16,True
XBNN4P3K5,10.21,9.74,5.91,97.05,8.98,9.26,AA-,A+,A+,5.8,0.9704999999999999,-3.83,0.27999999999999936,18,17,17,True
TOTQOINF5,8.15,12.79,8.28,71.88,13.08,13.77,AA-,AA+,AA+,7.9,0.7188,-4.51,0.6899999999999995,18,20,20,True
0BYCR6Z54,7.03,4.7,3.58,92.42,4.32,4.53,A-,AA,A+,5.5,0.9242,-1.12,0.20999999999999996,15,19,17,True
U3RUV1CR2,14.37,5.68,6.67,108.69,6.29,6.29,BBB-,A,A+,5.8,1.0869,0.9900000000000002,0.0,12,16,17,True
L56OMWP15,10.69,10.6,8.45,82.47,10.1,10.49,A+,AA+,A+,7.6,0.8247,-2.1500000000000004,0.39000000000000057,17,20,17,True
O8FAQGJB7,8.43,11.11,7.47,87.91,10.56,10.67,BBB-,BBB+,A+,4.0,0.8791,-3.6399999999999997,0.10999999999999943,12,14,17,True
W6OKFRSI6,12.65,8.33,7.45,97.87,8.07,8.38,A-,A-,A,8.1,0.9787,-0.8799999999999999,0.3100000000000005,15,15,16,True
YTS49NVJ1,8.22,1.58,2.34,108.85,1.03,1.03,A,A+,BBB+,10.0,1.0885,0.7599999999999998,0.0,16,17,14,True
PI435GIT1,13.81,6.42,5.0,97.53,6.2,6.75,BBB+,A-,A-,5.7,0.9753000000000001,-1.42,0.5499999999999998,14,15,15,True
Y7GC01I81,8.72,8.72,6.98,83.75,8.99,8.99,AA-,BBB,A,8.0,0.8375,-1.7400000000000002,0.0,18,13,16,True
D1XUNS4A7,10.89,11.09,5.4,68.51,10.77,11.13,A+,AA-,AA,3.1,0.6851,-5.6899999999999995,0.3600000000000012,17,18,19,True
P4PG029U8,8.98,6.71,4.63,94.87,6.68,7.02,AA-,A+,A+,8.6,0.9487000000000001,-2.08,0.33999999999999986,18,17,17,True
XLFR848N9,14.04,6.22,3.41,73.12,5.74,6.07,AA+,A-,A+,7.5,0.7312000000000001,-2.8099999999999996,0.33000000000000007,20,15,17,True
G3WL0I856,13.12,5.41,4.33,91.58,5.21,5.46,A+,BBB-,A-,8.3,0.9158,-1.08,0.25,17,12,15,True
0CK6OICY8,5.66,9.57,6.82,109.14,9.05,9.19,BBB+,AA-,AA,4.7,1.0914,-2.75,0.1399999999999988,14,18,19,True
IZJEGMZ90,6.79,4.21,1.4,93.53,3.92,3.92,AAA,AA,A,4.6,0.9353,-2.81,0.0,21,19,16,True
C28N3KR45,12.86,3.27,2.76,97.15,2.29,3.11,A-,AA+,A+,7.6,0.9715,-0.5100000000000002,0.8199999999999998,15,20,17,True
JT6SGPMT1,9.76,4.97,3.23,108.41,4.29,4.29,A+,A-,BBB+,3.6,1.0841,-1.7399999999999998,0.0,17,15,14,True
PX17SVBB6,21.57,2.36,2.76,97.93,2.32,2.79,A,A,BBB+,5.6,0.9793000000000001,0.3999999999999999,0.4700000000000002,16,16,14,True
ZJ9R6CSV5,23.36,10.17,8.12,82.23,10.4,10.4,A+,A,AAA,6.9,0.8223,-2.0500000000000007,0.0,17,16,21,True
9SFEFYC67,13.71,4.89,4.09,109.01,4.4,4.4,A-,A,AA,7.8,1.0901,-0.7999999999999998,0.0,15,16,19,True
DS92FFZ64,22.04,9.93,6.44,74.96,9.22,9.87,AA,AA+,A+,8.9,0.7495999999999999,-3.4899999999999993,0.6499999999999986,19,20,17,True
B2NBLFOC0,16.79,8.57,7.45,94.76,9.3,10.04,A,A-,A,7.8,0.9476,-1.12,0.7399999999999984,16,15,16,True
QWMFNS2O6,10.15,3.75,3.32,78.17,4.78,4.78,BBB,AA,AA+,5.9,0.7817000000000001,-0.43000000000000016,0.0,13,19,20,True
DSOY5LS11,13.53,4.66,4.67,109.18,4.81,5.09,A-,BBB+,AA,7.5,1.0918,0.009999999999999787,0.28000000000000025,15,14,19,True
8NDY15GD7,10.76,10.95,8.21,93.67,11.28,11.83,AA,A+,BBB-,5.4,0.9367,-2.7399999999999984,0.5500000000000007,19,17,12,True
RKJEN84Q7,11.62,8.05,4.83,89.68,8.06,8.06,A-,A,A+,3.1,0.8968,-3.2200000000000006,0.0,15,16,17,True
IW4RP7MO7,13.74,13.05,10.2,68.15,13.43,13.74,A,A,AA,3.2,0.6815000000000001,-2.8500000000000014,0.3100000000000005,16,16,19,True
7426PZTY5,10.75,8.2,4.96,74.52,8.85,8.92,AA,A+,A,5.5,0.7452,-3.2399999999999993,0.07000000000000028,19,17,16,True
OPJAA5PP2,6.7,9.68,5.89,74.93,9.62,9.82,A-,AAA,A,1.9,0.7493000000000001,-3.79,0.20000000000000107,15,21,16,True
SI474S0J5,5.9,4.11,2.79,85.2,3.7,3.7,A,BBB+,A+,7.8,0.852,-1.3200000000000003,0.0,16,14,17,True
GZ4V2EPH6,5.99,1.19,1.48,114.07,0.91,1.88,A,AA+,A+,6.1,1.1406999999999998,0.29000000000000004,0.9699999999999999,16,20,17,True
RT2ZNGOC8,30.0,13.22,8.77,87.33,12.91,13.36,A-,A+,AA+,1.0,0.8733,-4.450000000000001,0.4499999999999993,15,17,20,True
N6YFW1452,11.19,7.14,4.09,94.33,7.18,7.83,A+,AA+,AA-,7.3,0.9433,-3.05,0.6500000000000004,17,20,18,True
5X8YIA278,7.99,7.45,4.73,72.74,7.54,7.92,A+,A+,A-,8.2,0.7273999999999999,-2.7199999999999998,0.3799999999999999,17,17,15,True
9MM3NLK69,10.88,4.52,3.08,103.68,5.47,6.13,AA,AA-,AA-,7.9,1.0368000000000002,-1.4399999999999995,0.6600000000000001,19,18,18,True
PLUKT11N9,9.36,5.7,6.54,105.92,6.22,6.36,A-,AA,A-,7.2,1.0592,0.8399999999999999,0.14000000000000057,15,19,15,True
97KM1WJN4,6.79,1.96,0.0,107.93,2.79,2.85,A-,AA+,A+,7.8,1.0793000000000001,-1.96,0.06000000000000005,15,20,17,True
HSOA22FH3,14.84,6.38,3.85,88.56,5.9,5.9,AA,BBB+,AA,8.4,0.8856,-2.53,0.0,19,14,19,True
C5VBZCER8,19.24,7.63,3.39,76.09,7.62,7.62,AAA,AA+,BBB+,7.1,0.7609,-4.24,0.0,21,20,14,True
KBG983AD9,12.82,2.09,2.74,92.95,2.22,2.44,A+,BBB+,AA+,5.4,0.9295,0.6500000000000004,0.21999999999999975,17,14,20,True
FYWTXP658,5.58,7.13,3.94,71.5,7.28,7.28,A+,BBB,A+,7.8,0.715,-3.19,0.0,17,13,17,True
GVH3EG8L0,8.13,5.73,4.37,87.78,6.05,6.11,A+,A+,AA+,10.0,0.8778,-1.3600000000000003,0.0600000000000005,17,17,20,True
1HVNGJUF4,15.1,8.65,6.39,85.01,8.24,8.46,A+,A+,AA,4.8,0.8501000000000001,-2.2600000000000007,0.22000000000000064,17,17,19,True
QRDEK7J28,9.74,13.67,9.02,66.38,13.32,13.54,A+,A-,A+,9.7,0.6638,-4.65,0.21999999999999886,17,15,17,True
GJTML43D5,8.82,4.68,3.4,84.09,4.74,5.43,AA,A-,BBB+,6.6,0.8409,-1.2799999999999998,0.6899999999999995,19,15,14,True
KD5LE11P7,10.17,8.5,6.02,87.3,8.47,8.47,BBB+,A+,A+,6.2,0.873,-2.4800000000000004,0.0,14,17,17,True
I5W5XBEM4,14.15,4.86,3.5,104.68,4.91,4.91,AA-,A-,A+,6.2,1.0468000000000002,-1.3600000000000003,0.0,18,15,17,True
LIIHKH0B1,22.07,9.22,6.07,82.34,8.61,8.85,A,A-,AA-,5.6,0.8234,-3.1500000000000004,0.2400000000000002,16,15,18,True
ZLSQO0HY9,10.3,4.76,4.19,101.4,5.79,5.79,AA+,BBB+,A-,4.7,1.014,-0.5699999999999994,0.0,20,14,15,True
KPL6MMU53,15.81,7.41,5.01,87.56,7.98,8.61,AA,BBB+,A+,5.2,0.8756,-2.4000000000000004,0.629999999999999,19,14,17,True
1Y30B5OE9,22.06,13.05,10.18,88.91,13.15,13.24,AA,A-,A-,2.8,0.8891,-2.870000000000001,0.08999999999999986,19,15,15,True
XVQ247BN8,30.0,7.25,5.7,72.72,7.16,7.76,AA-,A+,A-,6.0,0.7272,-1.5499999999999998,0.5999999999999996,18,17,15,True
DYGJJOVO4,7.39,7.25,3.99,89.16,7.13,7.22,AA,AA-,A+,9.2,0.8916,-3.26,0.08999999999999986,19,18,17,True
L68K8ZAA3,17.85,7.24,7.51,113.83,7.18,7.75,BBB-,A+,AA+,7.4,1.1383,0.2699999999999996,0.5700000000000003,12,17,20,True
OHHKXPAK8,6.76,8.68,7.38,95.5,8.82,8.94,AA,A-,AA-,2.2,0.955,-1.2999999999999998,0.11999999999999922,19,15,18,True
DZTYSAAP5,24.24,6.12,7.03,105.78,6.64,6.64,BBB,A-,A,10.0,1.0578,0.9100000000000001,0.0,13,15,16,True
XNQ7T9K91,16.73,9.83,7.22,84.51,10.17,10.94,AA+,AA-,A+,6.1,0.8451000000000001,-2.6100000000000003,0.7699999999999996,20,18,17,True
ML8OJM1E7,13.07,9.58,7.2,87.47,9.49,9.49,AAA,A,BBB+,4.7,0.8747,-2.38,0.0,21,16,14,True
3R0JXEXV7,17.37,6.9,4.13,83.56,7.27,7.65,AAA,BBB,A,7.0,0.8356,-2.7700000000000005,0.3800000000000008,21,13,16,True
NRAA2RN80,19.0,6.94,3.95,81.19,7.11,7.11,A+,AA+,AA,6.7,0.8119,-2.99,0.0,17,20,19,True
W6V6XZEH4,12.06,7.59,4.39,67.84,7.07,7.07,A,AAA,BBB+,5.2,0.6784,-3.2,0.0,16,21,14,True
V0K3ZAZJ7,15.09,10.15,6.8,85.38,10.52,10.52,AAA,A+,BBB-,6.3,0.8538,-3.3500000000000005,0.0,21,17,12,True
W4I9TBQN2,12.62,7.93,7.32,99.34,8.42,8.77,BBB+,A+,A+,5.1,0.9934000000000001,-0.6099999999999994,0.34999999999999964,14,17,17,True
0CAO6LME6,4.93,7.84,3.62,75.42,8.28,8.55,A+,A+,A,6.1,0.7542,-4.22,0.27000000000000135,17,17,16,True
I3O65B893,27.66,8.6,6.48,73.41,8.47,8.47,A+,A,BBB,4.0,0.7341,-2.119999999999999,0.0,17,16,13,True
G9BKK9C81,25.52,11.66,6.22,73.89,11.61,11.75,AA-,A+,AAA,1.8,0.7389,-5.44,0.14000000000000057,18,17,21,True
G5OXVROM4,9.83,3.51,3.62,99.72,2.75,3.18,AA,A+,AAA,7.9,0.9972,0.11000000000000032,0.43000000000000016,19,17,21,True
D7YHGZDP7,20.95,6.57,3.84,113.71,6.75,6.9,AA-,AA+,A,7.6,1.1371,-2.7300000000000004,0.15000000000000036,18,20,16,True
RSTROLSI8,10.39,7.02,3.41,82.14,7.97,8.15,BBB-,AA+,AA-,7.4,0.8214,-3.6099999999999994,0.1800000000000006,12,20,18,True
P2K2JIK55,6.12,4.53,1.28,81.95,4.92,5.58,AA-,A-,BBB,9.1,0.8195,-3.25,0.6600000000000001,18,15,13,True
UFOPHWG22,9.57,9.71,5.29,86.88,9.58,9.58,A+,AA-,AA+,6.7,0.8687999999999999,-4.420000000000001,0.0,17,18,20,True
IG2GTQET3,26.07,6.79,4.02,84.48,7.4,7.95,AA-,A+,AAA,4.8,0.8448,-2.7700000000000005,0.5499999999999998,18,17,21,True
K1C2ZX2X0,17.36,8.9,5.47,85.72,8.59,8.9,BBB+,AA+,A+,7.1,0.8572,-3.4300000000000006,0.3100000000000005,14,20,17,True
A64NQYDW7,5.21,9.73,3.71,65.06,8.75,9.17,A,A,A-,3.3,0.6506000000000001,-6.0200000000000005,0.41999999999999993,16,16,15,True
VWDONJNC2,8.82,8.76,8.55,108.14,9.26,9.26,A+,A-,A-,5.1,1.0814,-0.20999999999999908,0.0,17,15,15,True
ZE4ZURZG8,4.91,2.86,3.61,115.48,3.65,4.09,A,AA-,AA,5.7,1.1548,0.75,0.43999999999999995,16,18,19,True
FD8G56VR0,7.01,6.11,4.57,100.11,6.76,7.38,AA-,AA+,AA-,9.5,1.0011,-1.54,0.6200000000000001,18,20,18,True
TFRV07319,21.22,2.19,2.63,114.94,3.14,3.2,AA,A+,AAA,8.6,1.1494,0.43999999999999995,0.06000000000000005,19,17,21,True
OV81FJRR2,16.01,6.36,5.01,92.18,6.31,6.4,AA,AAA,A,8.0,0.9218000000000001,-1.3500000000000005,0.09000000000000075,19,21,16,True
IATQBLOB4,4.94,6.15,4.29,92.99,6.27,6.74,A-,BBB-,AA-,9.3,0.9299,-1.8600000000000003,0.47000000000000064,15,12,18,True
VZIE9KLQ2,11.55,5.54,5.9,90.51,4.94,5.19,A+,A+,A,6.0,0.9051,0.3600000000000003,0.25,17,17,16,True
MFHZXOSB6,10.92,7.86,7.46,89.24,7.23,7.23,BBB,A+,AA-,7.3,0.8924,-0.40000000000000036,0.0,13,17,18,True
EA6J88U57,7.13,10.59,5.48,65.25,9.32,9.44,BBB-,BBB+,A,5.2,0.6525,-5.109999999999999,0.11999999999999922,12,14,16,True
WKYK487N7,30.0,8.58,7.25,80.6,8.57,8.6,A+,AA,BBB,7.3,0.8059999999999999,-1.33,0.02999999999999936,17,19,13,True
U3Q69OLV3,13.83,9.56,5.94,82.84,9.72,9.8,AA+,A-,AA-,5.9,0.8284,-3.62,0.08000000000000007,20,15,18,True
SLO77WAW3,11.45,4.63,2.65,94.01,4.76,5.28,AA-,AA,AA,6.5,0.9401,-1.98,0.5200000000000005,18,19,19,True
XY4ZH8L73,9.04,6.55,7.75,137.4,7.07,7.34,BBB-,AA-,A-,8.4,1.374,1.2000000000000002,0.2699999999999996,12,18,15,True
JRDJC9IH1,14.99,11.73,7.98,79.21,11.66,12.17,A+,A+,BBB+,6.8,0.7920999999999999,-3.75,0.5099999999999998,17,17,14,True
SQRB7B1V2,12.07,7.91,4.22,91.04,7.52,7.84,AA-,AA-,A-,5.1,0.9104000000000001,-3.6900000000000004,0.3200000000000003,18,18,15,True
0JLPA78K3,7.79,4.83,3.63,102.58,5.09,5.5,AA,A,A-,7.8,1.0258,-1.2000000000000002,0.41000000000000014,19,16,15,True
HNO9TYNH2,22.08,8.94,6.42,98.07,8.93,8.93,AA+,AA-,AA-,3.7,0.9806999999999999,-2.5199999999999996,0.0,20,18,18,True
QC5J6WZY8,11.07,6.06,3.9,87.85,6.08,6.46,AA-,AA+,A+,2.1,0.8785,-2.1599999999999997,0.3799999999999999,18,20,17,True
1UYOREU82,16.94,6.46,6.88,94.43,6.08,6.08,A-,BBB+,AA-,7.5,0.9443,0.41999999999999993,0.0,15,14,18,True
0IDMOMHH0,10.6,5.96,6.27,100.23,5.99,6.2,A,AA-,A,8.9,1.0023,0.3099999999999996,0.20999999999999996,16,18,16,True
JE0PJAIP6,2.69,10.07,5.37,88.89,10.17,10.23,AA,A,A-,7.1,0.8889,-4.7,0.0600000000000005,19,16,15,True
TW3356IT4,13.71,8.01,7.74,99.32,7.64,8.1,A+,AA,AA+,2.7,0.9932,-0.2699999999999996,0.45999999999999996,17,19,20,True
S2YG8PAT1,9.37,6.07,5.3,107.38,6.07,6.27,AAA,AA,A,7.2,1.0737999999999999,-0.7700000000000005,0.1999999999999993,21,19,16,True
NUR3DJ202,7.93,8.84,7.25,84.27,9.21,9.26,AA-,A-,BBB+,2.2,0.8427,-1.5899999999999999,0.049999999999998934,18,15,14,True
2UNBZZWX3,18.64,7.31,4.73,86.04,7.44,7.47,A+,AA-,A,9.0,0.8604,-2.579999999999999,0.02999999999999936,17,18,16,True
7VVH12XW9,15.82,5.65,3.37,89.25,5.13,5.64,AA+,A-,A,4.9,0.8925,-2.2800000000000002,0.5099999999999998,20,15,16,True
N6U075TT1,11.36,6.1,4.1,96.01,5.38,5.38,AA,AA-,AA-,9.9,0.9601000000000001,-2.0,0.0,19,18,18,True
AKKUOJDQ1,22.59,5.76,4.36,97.8,5.58,6.41,BBB+,AA,A,7.9,0.978,-1.3999999999999995,0.8300000000000001,14,19,16,True
IZ1FUCRY6,5.6,9.2,6.64,78.16,8.77,9.3,A,AA-,A,4.4,0.7816,-2.5599999999999996,0.5300000000000011,16,18,16,True
YBMSG8JD2,13.41,5.39,4.7,82.46,4.51,4.75,A-,AAA,AA-,5.0,0.8245999999999999,-0.6899999999999995,0.2400000000000002,15,21,18,True
ON3MSP252,10.87,1.17,3.01,107.31,2.37,2.81,AAA,A+,BBB,8.1,1.0731,1.8399999999999999,0.43999999999999995,21,17,13,True
QB30BC942,30.0,9.01,5.43,74.86,9.07,9.74,BBB-,AA+,AAA,2.8,0.7486,-3.58,0.6699999999999999,12,20,21,True
FKI33JLS6,17.05,7.65,6.18,86.92,7.7,8.37,AA-,AA-,AAA,6.4,0.8692,-1.4700000000000006,0.669999999999999,18,18,21,True
0ESQKZ8I6,19.97,5.3,2.3,91.74,4.17,4.17,AA-,AA+,AA,6.0,0.9174,-3.0,0.0,18,20,19,True
699569AS5,11.57,3.45,1.71,107.93,3.46,3.73,BBB,AA+,AA-,3.0,1.0793000000000001,-1.7400000000000002,0.27,13,20,18,True
98ML73AY5,8.75,6.31,3.8,77.52,6.51,7.13,AA,A-,A,2.7,0.7752,-2.51,0.6200000000000001,19,15,16,True
UDVFFTNL4,26.85,3.75,2.97,83.51,3.64,3.98,A+,BBB+,A,6.8,0.8351000000000001,-0.7799999999999998,0.33999999999999986,17,14,16,True
BY7BYYAP7,7.07,6.75,4.69,95.56,6.75,6.75,A,AA+,AA-,6.0,0.9556,-2.0599999999999996,0.0,16,20,18,True
YSBASDX78,11.13,6.43,7.75,121.92,5.72,5.84,AAA,A-,BBB-,7.1,1.2192,1.3200000000000003,0.1200000000000001,21,15,12,True
6R0QX7ST1,15.24,7.81,5.74,92.96,7.6,7.6,A+,AA+,A,7.7,0.9296,-2.0699999999999994,0.0,17,20,16,True
TSEHM8NP6,15.07,6.08,5.04,99.69,6.98,7.12,AA,A,A,9.6,0.9969,-1.04,0.13999999999999968,19,16,16,True
2ZHEIXOJ5,13.68,4.58,2.59,105.67,4.89,5.03,AA,A+,AA,6.8,1.0567,-1.9900000000000002,0.14000000000000057,19,17,19,True
PTLW38N59,18.94,5.39,4.1,96.18,5.17,5.35,A+,A,AA+,6.3,0.9618000000000001,-1.29,0.17999999999999972,17,16,20,True
1ZOERYF04,8.34,1.85,1.87,84.05,1.97,2.22,BBB,A+,AA-,7.7,0.8405,0.020000000000000018,0.2500000000000002,13,17,18,True
7QKO7DGO8,8.65,5.63,6.58,113.7,5.02,5.44,AA,BBB+,AA+,5.5,1.137,0.9500000000000002,0.4200000000000008,19,14,20,True
5ZHAX3TQ5,5.68,7.39,5.07,86.5,6.62,7.41,A+,A+,A,7.2,0.865,-2.3199999999999994,0.79,17,17,16,True
BG7HHFPB4,7.77,4.06,2.34,100.63,3.99,4.65,A+,AA,A+,8.3,1.0063,-1.7199999999999998,0.6600000000000001,17,19,17,True
1P0C3SXQ8,9.25,4.4,2.95,97.19,4.4,4.82,A+,A-,A-,8.8,0.9719,-1.4500000000000002,0.41999999999999993,17,15,15,True
65KY8E6N6,22.6,5.88,2.86,96.82,4.99,5.28,A+,AAA,AA+,2.5,0.9682,-3.02,0.29000000000000004,17,21,20,True
EQVGF07A1,17.2,0.9,0.0,85.25,0.39,0.39,AAA,A,BBB,4.9,0.8525,-0.9,0.0,21,16,13,True
KSJD74OH5,17.11,5.7,2.7,89.63,4.84,4.84,AA-,A,A-,5.3,0.8963,-3.0,0.0,18,16,15,True
LMLCUMTP4,9.68,6.92,2.73,61.85,6.62,6.89,A+,A,AA,7.1,0.6185,-4.1899999999999995,0.2699999999999996,17,16,19,True
XLOB84D56,15.02,10.78,7.8,70.09,11.3,11.3,A-,AA+,A+,6.1,0.7009000000000001,-2.9799999999999995,0.0,15,20,17,True
F4D6MONZ8,3.84,8.94,5.31,91.84,9.35,9.52,A,A,A-,9.5,0.9184,-3.63,0.16999999999999993,16,16,15,True
6A6UMVYH3,18.53,4.93,3.77,83.19,5.15,5.58,A,A+,BBB+,5.9,0.8319,-1.1599999999999997,0.4299999999999997,16,17,14,True
TYIHOEUH1,3.69,7.53,4.85,81.25,7.18,7.81,AAA,A-,AAA,6.3,0.8125,-2.6800000000000006,0.6299999999999999,21,15,21,True
KS718ASK7,5.7,7.62,4.29,89.07,7.87,8.09,AA+,A+,A,9.5,0.8906999999999999,-3.33,0.21999999999999975,20,17,16,True
J44RTDT17,10.82,7.9,5.54,102.04,7.41,7.52,BBB+,AA+,AA-,6.9,1.0204,-2.3600000000000003,0.10999999999999943,14,20,18,True
JZ3TRAZG5,17.23,7.81,4.22,88.22,8.15,8.15,A+,A-,BBB+,8.7,0.8822,-3.59,0.0,17,15,14,True
V3V4T7QO9,12.61,4.22,3.72,86.5,4.84,4.84,AA-,A,AA-,8.2,0.865,-0.49999999999999956,0.0,18,16,18,True
M55772CA8,9.32,1.91,1.59,110.73,1.83,1.87,BBB,A,A,4.3,1.1073,-0.31999999999999984,0.040000000000000036,13,16,16,True
6ZAKYIWT2,6.73,10.32,6.04,73.65,10.18,10.22,AA-,AA-,BBB-,3.5,0.7365,-4.28,0.040000000000000924,18,18,12,True
YSXZV4V85,12.38,5.14,3.48,82.49,5.58,6.09,A+,AA-,AA-,4.1,0.8249,-1.6599999999999997,0.5099999999999998,17,18,18,True
TROHK9EG1,8.05,3.05,3.67,101.83,3.53,3.53,BBB,A+,AA+,8.7,1.0183,0.6200000000000001,0.0,13,17,20,True
EQPVGHKV1,9.27,8.97,4.46,90.85,8.32,8.77,AAA,BBB,AA,8.9,0.9085,-4.510000000000001,0.4499999999999993,21,13,19,True
QGNC2J7F3,22.09,6.66,7.03,111.07,6.99,6.99,BBB+,BBB,AA+,10.0,1.1107,0.3700000000000001,0.0,14,13,20,True
HBAJ4USW0,16.05,8.27,5.68,73.81,8.79,9.34,A+,AAA,A+,7.5,0.7381,-2.59,0.5500000000000007,17,21,17,True
1MU0X5GZ6,10.34,3.59,1.75,95.8,3.4,3.72,A,BBB,AA+,9.2,0.958,-1.8399999999999999,0.3200000000000003,16,13,20,True
7O4N5X9N4,12.04,6.99,4.65,84.61,6.92,7.37,AA-,AA-,A,5.5,0.8461,-2.34,0.4500000000000002,18,18,16,True
2NN1MQRF1,12.28,9.18,4.83,91.14,9.58,9.58,AA+,AA,A-,4.0,0.9114,-4.35,0.0,20,19,15,True
P0H48O0P1,8.23,4.24,3.62,88.55,4.21,4.21,A,A+,A,9.4,0.8855,-0.6200000000000001,0.0,16,17,16,True
ZF42DQ3B4,14.94,5.8,5.91,102.57,6.51,6.92,A,A+,AA+,8.1,1.0256999999999998,0.11000000000000032,0.41000000000000014,16,17,20,True
4RR4Z5J02,17.14,8.19,4.58,105.59,7.8,7.8,BBB+,A,A-,6.0,1.0559,-3.6099999999999994,0.0,14,16,15,True
FQM5EOU31,30.0,6.74,3.5,73.6,5.94,5.94,A,BBB+,AA+,6.7,0.736,-3.24,0.0,16,14,20,True
54QCFS8N3,9.26,8.14,6.72,92.45,8.15,8.15,AA+,A+,BBB+,7.7,0.9245,-1.4200000000000008,0.0,20,17,14,True
JLLSOUNA8,13.82,8.87,4.25,66.7,8.52,8.57,AA,AA+,AA,8.8,0.667,-4.619999999999999,0.05000000000000071,19,20,19,True
L6ENSS8D3,18.09,8.54,5.68,95.4,8.37,8.39,AA-,AA,A+,8.6,0.9540000000000001,-2.8599999999999994,0.02000000000000135,18,19,17,True
HLJZZX4U9,4.17,9.64,6.07,77.46,9.31,9.81,BBB+,BBB,AA-,7.0,0.7746,-3.5700000000000003,0.5,14,13,18,True
FJ6GZ2L03,12.72,2.22,0.56,83.21,2.3,3.4,AA,A-,A,7.9,0.8321,-1.6600000000000001,1.1,19,15,16,True
12SIMIEP1,13.3,6.75,5.33,108.83,6.19,6.5,A,AA,A,7.7,1.0883,-1.42,0.3099999999999996,16,19,16,True
NJ532XZ55,9.89,7.87,4.41,91.87,7.25,7.47,AA+,AAA,AA,5.9,0.9187000000000001,-3.46,0.21999999999999975,20,21,19,True
EMUO2PQU0,10.59,6.68,5.85,92.97,6.73,6.73,A,AA,AA+,8.7,0.9297,-0.8300000000000001,0.0,16,19,20,True
8X4M1NN60,6.12,7.4,3.87,103.22,6.61,6.61,A+,A,A,4.3,1.0322,-3.5300000000000002,0.0,17,16,16,True
PP5YISP62,12.19,5.93,2.41,79.97,6.2,7.07,AA+,A+,AA+,9.1,0.7997,-3.5199999999999996,0.8700000000000001,20,17,20,True
QVQ4WCFI4,7.79,4.69,4.18,103.98,5.12,5.25,AA,A+,AA-,5.8,1.0398,-0.5100000000000007,0.1299999999999999,19,17,18,True
PK2GCHKD4,11.91,8.51,3.47,84.37,7.96,8.42,AAA,A,A+,7.0,0.8437,-5.039999999999999,0.45999999999999996,21,16,17,True
RWO4Q0U00,14.67,7.7,5.78,102.63,8.25,8.26,A+,AA,A-,4.7,1.0263,-1.92,0.009999999999999787,17,19,15,True
GD5XUJWQ6,11.65,8.77,7.05,84.4,8.63,9.11,A+,BBB,AA+,7.2,0.8440000000000001,-1.7199999999999998,0.47999999999999865,17,13,20,True
88WBTK4O0,8.99,9.22,5.42,76.08,8.28,8.67,AA,AA-,AA-,6.2,0.7608,-3.8000000000000007,0.39000000000000057,19,18,18,True
6SZY2GAU5,11.1,8.41,3.76,73.96,9.05,9.54,AAA,AA,A,3.4,0.7395999999999999,-4.65,0.48999999999999844,21,19,16,True
3GDASQ8D7,11.01,7.89,4.99,92.19,7.52,7.74,A-,A+,A-,7.1,0.9218999999999999,-2.8999999999999995,0.22000000000000064,15,17,15,True
ZRQJS5X08,17.74,6.53,6.25,99.15,7.07,7.73,A,AA,AA,5.4,0.9915,-0.28000000000000025,0.6600000000000001,16,19,19,True
CUVY0NUQ1,14.13,8.22,5.93,91.63,9.07,9.59,BBB+,A+,A,7.5,0.9163,-2.290000000000001,0.5199999999999996,14,17,16,True
7ZFYZ5A13,11.63,3.08,2.57,106.74,2.77,2.77,AA,AA,A+,7.4,1.0674,-0.5100000000000002,0.0,19,19,17,True
WIPDZ3346,12.28,7.44,6.8,112.0,7.7,8.21,A-,AA,A,7.3,1.12,-0.6400000000000006,0.5100000000000007,15,19,16,True
2KFY89BS5,12.8,4.76,4.89,111.72,4.35,4.37,A,AA,A+,5.9,1.1172,0.1299999999999999,0.020000000000000462,16,19,17,True
B927SL557,18.62,5.36,2.53,92.11,5.02,5.39,AA+,A,AA-,5.8,0.9211,-2.8300000000000005,0.3700000000000001,20,16,18,True
B4CRGGU34,9.68,6.37,4.87,97.41,6.1,6.32,A,AA-,BBB+,6.2,0.9741,-1.5,0.22000000000000064,16,18,14,True
TP1UB38C8,10.33,8.97,6.46,90.65,9.2,9.2,AA+,AA+,BBB-,8.3,0.9065000000000001,-2.5100000000000007,0.0,20,20,12,True
1AT6YUKJ1,21.77,5.93,3.38,90.39,5.88,5.93,AA,AAA,AA-,10.0,0.9039,-2.55,0.04999999999999982,19,21,18,True
GS50TZ4T5,14.4,11.49,7.86,68.76,11.8,12.4,A-,AAA,A-,3.2,0.6876000000000001,-3.63,0.5999999999999996,15,21,15,True
OX3LX2Z77,20.82,12.49,9.04,86.06,13.31,14.03,BBB-,A,A+,6.2,0.8606,-3.450000000000001,0.7199999999999989,12,16,17,True
T3UT4X1X6,8.09,10.81,8.06,72.26,11.0,11.0,AA,BBB-,BBB-,1.7,0.7226,-2.75,0.0,19,12,12,True
TE1O676A2,21.31,9.14,6.1,100.79,9.1,9.11,A,A,AA-,3.0,1.0079,-3.040000000000001,0.009999999999999787,16,16,18,True
1M8AEJ2A2,30.0,8.52,5.01,95.83,8.15,8.21,A,A+,AA,3.4,0.9582999999999999,-3.51,0.0600000000000005,16,17,19,True
FNS8ZJ0D5,9.99,12.07,8.64,87.59,12.33,12.93,A,A-,A-,2.5,0.8759,-3.4299999999999997,0.5999999999999996,16,15,15,True
HSCKB90L0,12.45,4.32,6.12,106.01,4.44,4.44,AA-,BBB+,A+,5.1,1.0601,1.7999999999999998,0.0,18,14,17,True
WS2ZJRZZ1,5.11,8.01,7.23,94.57,8.48,8.76,BBB+,A,AA,7.6,0.9457,-0.7799999999999994,0.27999999999999936,14,16,19,True
88JSQRYK6,16.69,6.73,3.39,76.97,6.86,7.31,BBB-,A+,A-,5.5,0.7696999999999999,-3.3400000000000003,0.4499999999999993,12,17,15,True
CUU6LTPW0,11.12,6.55,4.03,90.51,6.21,6.36,AA,AA,A+,7.9,0.9051,-2.5199999999999996,0.15000000000000036,19,19,17,True
PCK5YUTY8,9.53,6.05,4.43,89.51,6.02,6.36,AA-,A-,AA-,8.7,0.8951,-1.62,0.34000000000000075,18,15,18,True
BH387I0X3,7.33,4.91,3.48,87.06,5.59,5.59,AA+,AA,A-,8.7,0.8706,-1.4300000000000002,0.0,20,19,15,True
TC6SV25P2,9.91,5.1,3.15,81.75,5.39,5.39,A-,AA+,A+,8.7,0.8175,-1.9499999999999997,0.0,15,20,17,True
RUUYDXE34,6.8,4.9,5.04,108.51,4.47,4.67,A+,AA-,A-,8.1,1.0851,0.13999999999999968,0.20000000000000018,17,18,15,True
BZQFNHBP8,11.49,8.34,3.73,73.75,9.25,9.7,A-,A-,AA-,3.6,0.7375,-4.609999999999999,0.4499999999999993,15,15,18,True
OXS8L6BO2,22.46,5.5,5.27,93.89,6.35,6.53,A+,A+,A-,9.1,0.9389,-0.23000000000000043,0.1800000000000006,17,17,15,True
60PKURK65,19.6,3.71,4.27,93.53,4.49,4.61,AA+,AA,BBB,6.2,0.9353,0.5599999999999996,0.1200000000000001,20,19,13,True
XY7KX5Q85,13.89,3.96,2.49,119.48,3.35,3.74,A+,AA-,A,5.1,1.1948,-1.4699999999999998,0.3900000000000001,17,18,16,True
6V3PNVG93,13.58,3.92,2.81,86.04,3.62,3.66,A-,AA,BBB+,6.7,0.8604,-1.1099999999999999,0.040000000000000036,15,19,14,True
OCSP1FF56,12.6,7.37,5.89,82.66,7.1,7.66,AA+,A+,A-,5.0,0.8266,-1.4800000000000004,0.5600000000000005,20,17,15,True
HDJ3HVNO2,9.34,6.31,5.97,105.08,6.52,6.63,AA,AA,AAA,6.9,1.0508,-0.33999999999999986,0.11000000000000032,19,19,21,True
GS1093CV2,14.13,9.78,5.75,86.73,9.71,9.71,AA-,AA+,A+,6.5,0.8673000000000001,-4.029999999999999,0.0,18,20,17,True
QJW3LMH12,7.63,6.1,3.66,85.94,4.98,4.98,A-,AA+,A+,7.9,0.8593999999999999,-2.4399999999999995,0.0,15,20,17,True
LF1BZEJX8,30.0,5.96,2.2,77.56,5.66,5.66,A+,A+,BBB+,4.5,0.7756000000000001,-3.76,0.0,17,17,14,True
9A81KU5C6,15.71,11.73,12.85,122.88,11.58,11.87,AAA,AA-,AA,5.3,1.2288,1.1199999999999992,0.28999999999999915,21,18,19,True
3TMH37MZ7,13.8,3.99,3.21,90.65,4.6,4.66,AA-,A,AA+,9.5,0.9065000000000001,-0.7800000000000002,0.0600000000000005,18,16,20,True
UBEHN3J66,8.45,9.54,6.52,103.34,9.46,9.86,AA+,AAA,A-,7.3,1.0334,-3.0199999999999996,0.3999999999999986,20,21,15,True
DG9G892R1,26.23,6.22,5.28,83.22,6.47,6.73,AA-,A+,A,10.0,0.8321999999999999,-0.9399999999999995,0.2600000000000007,18,17,16,True
3CJYLJUT6,18.81,4.76,4.09,106.22,5.19,5.83,BBB-,AA-,AA-,8.8,1.0622,-0.6699999999999999,0.6399999999999997,12,18,18,True
YOXK8AEU0,11.54,4.17,3.4,83.64,3.94,3.94,BBB+,AA+,AA+,9.6,0.8364,-0.77,0.0,14,20,20,True
IWSOM4R62,14.33,4.83,2.7,59.45,4.74,4.74,A,A,A,4.4,0.5945,-2.13,0.0,16,16,16,True
YT4FZFZM9,18.78,8.18,5.33,92.74,8.5,8.5,A+,AA-,BBB+,7.5,0.9274,-2.8499999999999996,0.0,17,18,14,True
9WW2DEB97,21.49,3.55,2.79,90.1,3.29,3.29,A+,A-,AA+,6.6,0.9009999999999999,-0.7599999999999998,0.0,17,15,20,True
X0PLS45K9,13.66,10.33,8.43,71.96,10.72,10.72,A+,AA,AA+,4.5,0.7195999999999999,-1.9000000000000004,0.0,17,19,20,True
RXXK3AJC6,19.21,9.11,5.21,72.06,9.38,9.64,A-,A+,A,5.7,0.7206,-3.8999999999999995,0.2599999999999998,15,17,16,True
9NKH6EMO6,10.93,9.42,6.72,91.56,9.51,9.51,A+,AA+,BBB-,8.0,0.9156,-2.7,0.0,17,20,12,True
1WB8QXW04,26.0,8.31,6.2,87.34,7.84,8.06,AA,A+,AA-,6.6,0.8734000000000001,-2.1100000000000003,0.22000000000000064,19,17,18,True
BUUOZ8AQ5,11.79,7.26,5.9,91.77,7.32,7.43,A+,AA,A+,5.1,0.9177,-1.3599999999999994,0.10999999999999943,17,19,17,True
9FN67TQR5,15.53,5.53,1.91,77.17,5.48,6.08,AA-,AA-,A-,8.4,0.7717,-3.62,0.5999999999999996,18,18,15,True
TI5BI4UV0,7.11,5.62,3.73,82.0,6.24,6.42,AA,AA-,A-,6.5,0.82,-1.8900000000000001,0.17999999999999972,19,18,15,True
6V7211C75,9.92,6.5,7.31,100.14,6.6,6.93,A+,AAA,A+,8.1,1.0014,0.8099999999999996,0.33000000000000007,17,21,17,True
TIM41DL67,6.86,6.62,4.38,89.33,7.48,7.83,AA+,AA-,AA+,6.8,0.8933,-2.24,0.34999999999999964,20,18,20,True
LC5WQOAD2,16.53,6.43,5.31,96.64,6.79,6.79,A+,A-,A-,6.5,0.9664,-1.12,0.0,17,15,15,True
US7787NI0,5.58,9.06,7.76,90.6,8.53,8.53,A,A,AA+,8.2,0.9059999999999999,-1.3000000000000007,0.0,16,16,20,True
H46S8LXP4,6.68,6.68,4.21,84.29,6.64,6.68,AA,A-,A+,5.4,0.8429000000000001,-2.4699999999999998,0.040000000000000036,19,15,17,True
FDC9GOTE1,12.27,4.38,1.85,84.79,5.06,5.69,A+,A,A+,10.0,0.8479000000000001,-2.53,0.6300000000000008,17,16,17,True
0ZYUKLAO7,8.44,11.8,8.64,89.72,11.92,12.04,A+,A-,A+,2.0,0.8972,-3.16,0.11999999999999922,17,15,17,True
2ZNV9PWA2,17.57,7.56,4.57,80.36,8.73,8.73,AA-,A+,AA-,5.2,0.8036,-2.9899999999999993,0.0,18,17,18,True
I82UTEB50,11.62,6.54,5.84,109.27,7.06,7.44,BBB,AA-,A-,7.5,1.0927,-0.7000000000000002,0.3800000000000008,13,18,15,True
NZ9FD1PK3,12.64,8.25,4.33,91.26,8.47,8.47,AA,AA-,A+,7.7,0.9126000000000001,-3.92,0.0,19,18,17,True
CPOMHXCA2,6.81,5.98,4.43,80.16,6.18,6.45,AA+,AA-,AA+,7.6,0.8016,-1.5500000000000007,0.27000000000000046,20,18,20,True
UV6349TR2,6.91,7.13,5.69,87.73,6.83,7.0,AAA,A+,AA-,7.4,0.8773000000000001,-1.4399999999999995,0.16999999999999993,21,17,18,True
YWN88VFV5,12.63,6.04,4.18,90.29,5.18,5.83,BBB-,A+,AA-,7.2,0.9029,-1.8600000000000003,0.6500000000000004,12,17,18,True
9AUGVLX23,7.32,8.51,6.87,99.61,8.19,8.41,A+,A-,A-,6.1,0.9961,-1.6399999999999997,0.22000000000000064,17,15,15,True
IVDA1U476,8.55,5.41,3.58,81.86,5.83,5.92,AA+,AA,A,10.0,0.8186,-1.83,0.08999999999999986,20,19,16,True
ZWZ5V62B2,12.12,2.79,3.69,97.74,3.12,3.12,AA,A+,A-,9.3,0.9773999999999999,0.8999999999999999,0.0,19,17,15,True
B2G7RK5S1,9.0,7.22,5.91,86.5,6.65,6.65,A,AAA,AAA,8.8,0.865,-1.3099999999999996,0.0,16,21,21,True
4FFFH0JQ0,26.68,6.07,3.28,74.68,6.33,6.43,BBB+,AA,AA,4.0,0.7468,-2.7900000000000005,0.09999999999999964,14,19,19,True
WRJ00Q8V4,5.85,7.46,4.0,87.84,7.95,8.31,AA-,AA+,A,6.8,0.8784000000000001,-3.46,0.3600000000000003,18,20,16,True
4DL6TAAQ9,24.55,4.15,2.72,90.76,4.45,4.99,A+,A-,AA-,5.6,0.9076000000000001,-1.4300000000000002,0.54,17,15,18,True
IFO4ZHR56,30.0,3.46,3.76,82.71,3.82,3.82,BBB+,AA,BBB+,4.4,0.8271,0.2999999999999998,0.0,14,19,14,True
08Z70I4P0,19.38,10.29,6.09,81.93,10.62,10.62,AA-,A-,AA+,6.0,0.8193,-4.199999999999999,0.0,18,15,20,True
DNRML13U0,19.11,9.68,5.9,69.34,10.51,11.17,A,A+,A+,4.0,0.6934,-3.7799999999999994,0.6600000000000001,16,17,17,True
OFDJH5PM4,19.28,6.56,3.47,74.16,6.87,6.87,A,AA,AA+,7.7,0.7415999999999999,-3.0899999999999994,0.0,16,19,20,True
F3IMPFWI9,14.04,3.75,3.02,108.85,4.14,4.33,AA-,A+,AAA,5.1,1.0885,-0.73,0.1900000000000004,18,17,21,True
443779I76,11.1,6.47,4.36,86.7,7.19,7.19,AA,AA,A,10.0,0.867,-2.1099999999999994,0.0,19,19,16,True
A1H7XB0O1,13.36,8.89,6.88,118.59,8.06,8.58,BBB+,AA-,AA,3.8,1.1859,-2.0100000000000007,0.5199999999999996,14,18,19,True
UO53IQ393,7.4,11.93,7.07,78.19,11.98,12.23,A,A,BBB+,6.0,0.7818999999999999,-4.859999999999999,0.25,16,16,14,True
GZ91TVUC5,7.84,7.36,3.58,95.46,7.24,7.45,A,AA-,A,8.4,0.9545999999999999,-3.7800000000000002,0.20999999999999996,16,18,16,True
F4UW04NB7,4.55,7.28,6.42,98.57,8.04,8.05,A-,AA+,AAA,6.2,0.9856999999999999,-0.8600000000000003,0.010000000000001563,15,20,21,True
Y9QDC4EG6,7.7,11.47,7.71,82.57,11.51,11.87,A+,AA+,A+,7.3,0.8256999999999999,-3.7600000000000007,0.35999999999999943,17,20,17,True
OHFV64QZ2,24.76,1.74,1.82,94.47,1.6,1.61,AA+,AA,BBB-,3.9,0.9447,0.08000000000000007,0.010000000000000009,20,19,12,True
3WHKFMSM2,24.76,3.94,0.02,83.8,3.34,3.34,A+,A,A,9.2,0.838,-3.92,0.0,17,16,16,True
HHVF2N0V8,8.2,4.83,4.2,100.14,5.69,6.1,A,A,A-,7.8,1.0014,-0.6299999999999999,0.40999999999999925,16,16,15,True
RKKZOCIP1,29.39,5.23,5.0,103.36,6.27,6.27,A-,AA,AA+,5.6,1.0336,-0.23000000000000043,0.0,15,19,20,True
FQHNN5TW9,30.0,4.44,3.72,97.25,5.03,5.91,AA,A+,A-,5.9,0.9725,-0.7200000000000002,0.8799999999999999,19,17,15,True
1N5UUV2H3,12.17,4.18,3.82,106.54,4.64,4.64,BBB+,A-,A+,8.9,1.0654000000000001,-0.3599999999999999,0.0,14,15,17,True
BAIJDT2F9,8.16,8.95,7.73,115.53,9.25,9.25,A+,AA-,BBB+,5.5,1.1553,-1.2199999999999989,0.0,17,18,14,True
GUG4HN3E8,7.29,8.01,7.46,113.52,7.87,8.55,A+,BBB+,AA,5.3,1.1352,-0.5499999999999998,0.6800000000000006,17,14,19,True
JTSYMWKN7,13.59,4.91,3.04,94.04,4.82,4.87,A+,AA,A,6.9,0.9404,-1.87,0.04999999999999982,17,19,16,True
YD18GKMH5,6.84,0.93,1.63,89.9,0.58,1.37,A,AA+,A-,4.3,0.899,0.6999999999999998,0.7900000000000001,16,20,15,True
P4R7CTYA8,13.28,11.69,6.02,66.24,10.79,11.44,AA-,AA+,AA-,8.8,0.6624,-5.67,0.6500000000000004,18,20,18,True
D3WHTQE93,15.69,8.79,3.54,85.67,8.9,9.41,AA-,A-,A+,4.7,0.8567,-5.249999999999999,0.5099999999999998,18,15,17,True
6XEGSP3E9,12.96,5.11,3.42,99.57,4.72,4.79,AA,AA-,A+,9.3,0.9956999999999999,-1.6900000000000004,0.07000000000000028,19,18,17,True
4WGLIY0Q8,15.69,13.39,7.98,68.92,13.63,14.0,AA-,BBB,AA+,5.6,0.6892,-5.41,0.3699999999999992,18,13,20,True
XUHIX6KQ2,16.12,5.22,3.37,85.83,6.54,6.9,BBB,A,A+,4.6,0.8583,-1.8499999999999996,0.3600000000000003,13,16,17,True
3NLBVFLO3,8.69,9.18,4.19,66.74,8.91,9.06,A+,BBB+,AA-,6.2,0.6674,-4.989999999999999,0.15000000000000036,17,14,18,True
9YYG4EPQ4,10.52,4.59,2.1,99.64,5.16,5.19,A+,A-,A,9.0,0.9964,-2.4899999999999998,0.03000000000000025,17,15,16,True
UJBQJ77P5,15.38,10.48,7.69,85.1,11.61,12.08,AA,A+,A+,5.0,0.851,-2.79,0.47000000000000064,19,17,17,True
X4PZ6JMP5,24.54,5.79,6.11,102.91,5.5,5.77,A+,AA,AA,9.2,1.0291,0.3200000000000003,0.2699999999999996,17,19,19,True
KKXPOWJV6,9.59,4.3,2.49,85.35,2.83,3.65,AA-,A-,AA,9.2,0.8534999999999999,-1.8099999999999996,0.8199999999999998,18,15,19,True
TI05O7R54,8.47,7.21,5.02,81.71,7.72,7.97,A+,BBB,AAA,8.7,0.8170999999999999,-2.1900000000000004,0.25,17,13,21,True
O52S7JCG9,13.3,3.71,2.33,94.41,3.48,3.62,AA,AA+,AA+,6.3,0.9440999999999999,-1.38,0.14000000000000012,19,20,20,True
VQVQK8SS4,5.37,7.72,5.24,88.92,7.55,7.55,A+,AA+,AAA,4.9,0.8892,-2.4799999999999995,0.0,17,20,21,True
O1DESOY14,21.69,9.32,7.77,66.23,9.14,9.32,AA-,AA,AA+,4.3,0.6623,-1.5500000000000007,0.17999999999999972,18,19,20,True
7VUF8MPD9,12.87,6.64,6.01,108.21,5.94,5.97,AA+,AA,A-,7.9,1.0820999999999998,-0.6299999999999999,0.02999999999999936,20,19,15,True
JLRYA6O62,15.73,12.09,8.87,83.4,12.0,12.09,AA-,A-,BBB-,6.4,0.8340000000000001,-3.2200000000000006,0.08999999999999986,18,15,12,True
Q41A95U07,15.66,5.56,4.3,99.68,4.8,4.8,BBB-,AA,A-,2.4,0.9968,-1.2599999999999998,0.0,12,19,15,True
P55B1XMN7,22.43,7.81,3.25,59.68,8.03,8.37,BBB+,AAA,A,5.4,0.5968,-4.56,0.33999999999999986,14,21,16,True
SJ2PIYIS2,10.75,1.55,2.86,117.62,1.62,1.83,AA,A,AA-,7.6,1.1762000000000001,1.3099999999999998,0.20999999999999996,19,16,18,True
EJ377BC79,9.11,4.36,2.65,112.16,3.44,3.44,A+,A+,AA,7.0,1.1216,-1.7100000000000004,0.0,17,17,19,True
JZTZ0OGW9,30.0,2.19,2.28,103.86,2.79,2.8,A+,AA,A,8.8,1.0386,0.08999999999999986,0.009999999999999787,17,19,16,True
X81VDS494,24.25,8.66,5.63,99.51,8.1,8.29,AA-,AA-,A+,6.3,0.9951000000000001,-3.0300000000000002,0.1899999999999995,18,18,17,True
0IRIIHAN5,4.84,7.24,5.24,87.73,7.73,7.73,AAA,A+,BBB+,10.0,0.8773000000000001,-2.0,0.0,21,17,14,True
IY6YJ02O3,11.51,4.75,2.4,80.69,3.66,4.21,A+,BBB+,AA,6.7,0.8069,-2.35,0.5499999999999998,17,14,19,True
VF3JPZRN1,19.46,9.25,5.37,84.52,10.03,10.1,BBB+,A+,AA,7.1,0.8452,-3.88,0.07000000000000028,14,17,19,True
Q5GB31SK9,8.04,4.5,3.72,85.45,5.56,6.16,A+,A+,AA+,10.0,0.8545,-0.7799999999999998,0.6000000000000005,17,17,20,True
TWEGEBE40,5.79,6.11,5.19,79.76,6.78,7.33,A-,BBB+,AAA,10.0,0.7976000000000001,-0.9199999999999999,0.5499999999999998,15,14,21,True
NMRLP2X34,30.0,5.93,2.04,92.02,5.44,5.95,BBB+,AAA,AA,3.6,0.9201999999999999,-3.8899999999999997,0.5099999999999998,14,21,19,True
LAXDT1576,10.61,7.19,5.9,89.9,7.19,7.74,A,AA,A,6.1,0.899,-1.29,0.5499999999999998,16,19,16,True
SUAMAVYV5,8.25,7.14,7.16,95.97,7.16,7.39,BBB,AA-,A-,6.3,0.9597,0.020000000000000462,0.22999999999999954,13,18,15,True
Y0V51KEJ1,17.82,8.97,7.11,94.88,9.16,9.16,A,A+,AA,6.7,0.9488,-1.8600000000000003,0.0,16,17,19,True
AQWCENI53,4.53,9.94,5.09,66.29,9.52,9.95,A+,AA,AA,7.5,0.6629,-4.85,0.4299999999999997,17,19,19,True
M94OK1RZ8,12.87,9.16,5.15,73.01,8.41,8.41,AA+,A+,AA+,4.6,0.7301000000000001,-4.01,0.0,20,17,20,True
GJA23QHB2,8.12,5.16,2.77,90.19,5.55,5.62,BBB+,A,AA,7.5,0.9018999999999999,-2.39,0.07000000000000028,14,16,19,True
O8A26HBN9,14.38,5.58,5.28,110.81,6.69,6.89,A+,AA+,AA-,3.4,1.1081,-0.2999999999999998,0.1999999999999993,17,20,18,True
5KTY6BSP6,14.68,9.41,5.62,68.48,9.78,10.16,BBB,AA-,A-,8.1,0.6848000000000001,-3.79,0.3800000000000008,13,18,15,True
9COBHGRH1,14.89,6.82,3.56,95.17,7.1,7.19,AA,AAA,A,5.8,0.9517,-3.2600000000000002,0.09000000000000075,19,21,16,True
6LUU5J9V1,22.11,5.15,4.83,94.46,5.24,5.81,AA,A,A+,7.2,0.9445999999999999,-0.3200000000000003,0.5699999999999994,19,16,17,True
QWUMTKR70,7.92,12.16,9.59,90.94,11.86,12.16,A-,A,A,4.8,0.9094,-2.5700000000000003,0.3000000000000007,15,16,16,True
JJZGRD8R4,18.84,5.51,4.37,97.61,5.98,6.11,AAA,BBB,A,9.7,0.9761,-1.1399999999999997,0.1299999999999999,21,13,16,True
4I3D08YZ2,6.09,10.08,6.59,75.23,9.57,9.68,AAA,A+,BBB,1.0,0.7523000000000001,-3.49,0.10999999999999943,21,17,13,True
R55KKV5Q5,5.94,4.79,2.37,66.57,5.3,5.45,A+,A+,AA+,7.7,0.6657,-2.42,0.15000000000000036,17,17,20,True
1R898OIS6,13.56,3.55,3.88,119.11,4.25,4.33,AA,A-,A,7.4,1.1911,0.33000000000000007,0.08000000000000007,19,15,16,True
GG1ZBPIT4,6.69,3.65,0.37,75.28,2.65,2.89,A+,BBB-,A+,6.4,0.7528,-3.28,0.2400000000000002,17,12,17,True
KKDDLW293,10.87,6.13,6.24,96.48,6.37,6.77,AA,AA+,AA+,10.0,0.9648,0.11000000000000032,0.39999999999999947,19,20,20,True
ICVHHLI52,14.31,5.84,5.34,95.65,4.75,5.01,AA-,A+,A,5.6,0.9565,-0.5,0.2599999999999998,18,17,16,True
8IA55LTN6,11.55,5.23,4.09,105.24,6.18,6.2,A+,A-,A-,9.2,1.0524,-1.1400000000000006,0.020000000000000462,17,15,15,True
TPHH75U00,13.99,7.44,4.96,87.47,7.03,7.48,A+,BBB-,A-,7.0,0.8747,-2.4800000000000004,0.4500000000000002,17,12,15,True
4L4IW55X8,14.07,3.74,3.87,95.49,3.48,3.99,A-,AAA,AA-,9.5,0.9549,0.1299999999999999,0.5100000000000002,15,21,18,True
YLK0PNA37,8.24,2.82,3.48,108.0,1.91,1.91,BBB+,BBB+,A+,6.1,1.08,0.6600000000000001,0.0,14,14,17,True
LGH7E5KR9,8.49,4.79,4.38,87.34,4.33,4.38,A-,AA+,A,6.4,0.8734000000000001,-0.41000000000000014,0.04999999999999982,15,20,16,True
N9QCGL8D1,13.34,10.49,7.61,81.48,10.61,10.74,AAA,A+,A-,8.1,0.8148000000000001,-2.88,0.13000000000000078,21,17,15,True
0IWOTL6W9,8.85,3.94,3.22,81.76,4.41,4.41,AA,A,AA,8.7,0.8176000000000001,-0.7199999999999998,0.0,19,16,19,True
1SI4H4LT6,12.4,4.05,1.06,93.2,3.55,3.87,A+,AA+,AA-,3.9,0.932,-2.9899999999999998,0.3200000000000003,17,20,18,True
ID1J8SSD9,9.47,6.61,4.81,95.13,6.89,7.05,AA,A,AA+,6.2,0.9512999999999999,-1.8000000000000007,0.16000000000000014,19,16,20,True
SWUKF9RW1,11.91,6.36,5.37,106.74,5.77,6.12,AA,BBB+,BBB+,8.1,1.0674,-0.9900000000000002,0.35000000000000053,19,14,14,True
AVE6PSK40,14.01,6.85,6.72,88.29,6.15,6.74,AA,A+,A-,8.8,0.8829,-0.1299999999999999,0.5899999999999999,19,17,15,True
D7SE3FL98,7.51,5.46,4.38,87.51,5.95,5.95,A,A,AA-,6.4,0.8751000000000001,-1.08,0.0,16,16,18,True
FD9ORESH5,9.55,10.18,6.07,77.97,10.02,10.46,A,AAA,A,1.0,0.7797,-4.109999999999999,0.4400000000000013,16,21,16,True
KHZKRE4V1,10.15,4.6,4.7,106.38,4.24,4.38,AA,AA,AA+,9.2,1.0637999999999999,0.10000000000000053,0.13999999999999968,19,19,20,True
QGP57ECJ0,7.17,7.62,4.91,84.32,7.95,7.95,A+,BBB+,A+,4.5,0.8432,-2.71,0.0,17,14,17,True
5Y035XF23,6.08,5.67,5.32,83.46,5.3,5.86,BBB,A,A+,3.4,0.8345999999999999,-0.34999999999999964,0.5600000000000005,13,16,17,True
DLQXENAY0,10.8,4.78,1.66,76.09,4.7,5.14,AA-,BBB,A+,1.7,0.7609,-3.12,0.4399999999999995,18,13,17,True
YTNF7NSA0,4.06,6.89,4.68,97.42,7.24,7.61,AA-,AA-,A-,8.9,0.9742000000000001,-2.21,0.3700000000000001,18,18,15,True
SIPMOCNZ1,22.13,6.13,3.89,94.52,6.52,6.91,A-,AA-,AA+,6.3,0.9451999999999999,-2.2399999999999998,0.39000000000000057,15,18,20,True
ZSCELIQ21,28.07,7.54,3.11,74.67,8.2,8.2,AA,A,A+,5.5,0.7467,-4.43,0.0,19,16,17,True
JQKKCT8Y7,8.78,4.96,3.14,107.52,4.52,4.52,BBB+,A+,A,10.0,1.0752,-1.8199999999999998,0.0,14,17,16,True
XK9E32AY8,10.24,3.38,1.78,88.61,3.86,4.2,A+,AA+,A,8.3,0.8861,-1.5999999999999999,0.3400000000000003,17,20,16,True
YVTKOYKR5,26.03,5.53,6.32,112.6,5.24,5.5,BBB+,AA+,AA-,10.0,1.126,0.79,0.2599999999999998,14,20,18,True
YGGL042M3,14.73,8.56,7.46,70.57,8.36,8.83,BBB+,AA+,A-,3.0,0.7056999999999999,-1.1000000000000005,0.47000000000000064,14,20,15,True
O8BYI0T81,10.33,5.91,5.72,96.55,6.06,6.82,A,AA,AA,7.2,0.9655,-0.1900000000000004,0.7600000000000007,16,19,19,True
EQCJ6B7K2,11.63,8.2,4.52,83.49,7.83,8.6,BBB,A,BBB+,2.4,0.8349,-3.6799999999999997,0.7699999999999996,13,16,14,True
YOWH7QV73,5.23,6.84,5.39,85.7,8.08,8.65,A,AA,AA-,6.6,0.857,-1.4500000000000002,0.5700000000000003,16,19,18,True
UUCS42YH0,14.49,7.71,5.17,89.25,7.96,8.59,AA,A,A,5.8,0.8925,-2.54,0.6299999999999999,19,16,16,True
RJ1HMHZW4,10.75,8.92,10.0,109.0,8.21,8.44,A-,AA,AA+,8.0,1.09,1.08,0.22999999999999865,15,19,20,True
HZWA7K1S7,30.0,2.92,3.45,97.96,1.93,2.35,BBB,BBB+,A+,6.1,0.9795999999999999,0.5300000000000002,0.42000000000000015,13,14,17,True
X1CURG4I5,22.01,5.24,3.28,84.76,5.54,5.67,AAA,A+,A,8.3,0.8476,-1.9600000000000004,0.1299999999999999,21,17,16,True
O07KBM9J3,7.91,6.96,4.94,94.59,6.28,6.66,A+,AA-,AA+,8.3,0.9459000000000001,-2.0199999999999996,0.3799999999999999,17,18,20,True
9YC6FFRD6,8.52,8.14,3.78,78.47,8.2,8.2,AA+,AAA,AA+,10.0,0.7847,-4.360000000000001,0.0,20,21,20,True
A64K83986,11.71,5.12,3.84,100.57,4.86,5.04,A+,A+,A+,6.9,1.0057,-1.2800000000000002,0.17999999999999972,17,17,17,True
U7SQH0F48,6.57,4.34,2.76,83.91,4.45,4.55,BBB,BBB,A-,5.4,0.8391,-1.58,0.09999999999999964,13,13,15,True
JBH9U1353,27.09,9.9,6.6,69.37,9.32,9.32,A-,AA,AA-,5.3,0.6937000000000001,-3.3000000000000007,0.0,15,19,18,True
THMGCCKX4,18.86,8.33,4.94,105.09,7.94,7.94,BBB+,A+,A+,4.0,1.0509,-3.3899999999999997,0.0,14,17,17,True
CECOLKNJ4,11.56,6.68,5.79,97.35,6.91,7.17,A+,AA+,A+,10.0,0.9734999999999999,-0.8899999999999997,0.2599999999999998,17,20,17,True
COHQWDAM2,9.48,10.35,7.85,95.94,10.47,10.91,AA,AA-,AA,5.3,0.9594,-2.5,0.4399999999999995,19,18,19,True
VNXFMEW25,13.39,5.81,5.59,109.46,6.1,6.1,A+,AA,A,6.4,1.0946,-0.21999999999999975,0.0,17,19,16,True
8BA9N9GV5,11.63,4.75,4.51,97.75,4.6,4.69,A-,AA-,A+,6.7,0.9775,-0.2400000000000002,0.09000000000000075,15,18,17,True
QIG6U4891,23.47,7.84,4.55,84.35,8.41,8.49,AA,BBB+,A,7.4,0.8434999999999999,-3.29,0.08000000000000007,19,14,16,True
7E3XH1RI1,13.24,8.67,5.83,84.07,8.22,8.22,A,A,BBB+,5.8,0.8406999999999999,-2.84,0.0,16,16,14,True
3M3XE8QF2,16.41,5.62,3.82,91.71,4.87,4.87,AA-,BBB-,A,5.8,0.9170999999999999,-1.8000000000000003,0.0,18,12,16,True
4U1NUBHZ8,22.33,7.6,4.01,80.22,7.26,7.26,A-,AA-,A+,9.1,0.8022,-3.59,0.0,15,18,17,True
XJ4YJLGQ9,27.52,5.89,4.25,72.92,5.66,5.66,AA-,AAA,A+,4.8,0.7292000000000001,-1.6399999999999997,0.0,18,21,17,True
FNJWH83B6,28.28,11.55,7.0,70.46,11.61,11.61,AAA,A,A,5.1,0.7045999999999999,-4.550000000000001,0.0,21,16,16,True
9A0TUCG07,11.53,6.14,4.22,93.8,6.59,6.79,A,A+,A-,8.3,0.938,-1.92,0.20000000000000018,16,17,15,True
YH0FA80D6,11.41,5.67,7.21,102.53,5.29,5.48,A+,AA-,A-,4.8,1.0253,1.54,0.1900000000000004,17,18,15,True
VF8PNT723,15.85,5.07,4.05,95.72,5.08,5.42,AA-,A+,A-,8.3,0.9571999999999999,-1.0200000000000005,0.33999999999999986,18,17,15,True
ISMO9NJ93,7.57,5.2,3.79,85.74,5.13,5.78,AA,AA,AA-,5.6,0.8573999999999999,-1.4100000000000001,0.6500000000000004,19,19,18,True
